{
    "user_id": "asod-123",
    "mp3_location": "location.mp3",
    "track_length": 59.123,
    "global_stats": {
        "silence_count": 0,
        "filler_word_count": 6,
        "average_wpm": 89.72503816077486
    },
    "chunks": [
        {
            "id": 1,
            "start": 0.03096875,
            "end": 0.047843750000000004,
            "wpm": 0.0
        },
        {
            "id": 2,
            "start": 0.63846875,
            "end": 5.19471875,
            "wpm": 171.1934156378601
        },
        {
            "id": 3,
            "start": 5.549093750000001,
            "end": 13.446593750000002,
            "wpm": 75.97340930674262
        },
        {
            "id": 4,
            "start": 14.239718750000002,
            "end": 19.04909375,
            "wpm": 74.85380116959065
        }
    ]
}