{
    "user_id": "asod-123",
    "mp3_location": "location.mp3",
    "track_length": 59.123,
    "global_stats": {
        "silence_count": 1,
        "filler_word_count": 0,
        "average_wpm": 88.38527103208529
    },
    "chunks": [
        {
            "id": 1,
            "start": 0.97596875,
            "end": 7.607843750000001,
            "wpm": 81.42493638676844
        },
        {
            "id": 2,
            "start": 8.46846875,
            "end": 9.750968750000002,
            "wpm": 280.70175438596436
        },
        {
            "id": 3,
            "start": 10.071593750000002,
            "end": 13.46346875,
            "wpm": 176.89331122166948
        },
        {
            "id": 4,
            "start": 13.83471875,
            "end": 14.77971875,
            "wpm": 0.0
        }
    ]
}